model,split,pr_auc_average_precision,roc_auc,accuracy,balanced_accuracy,precision_positive,recall_positive,f1_positive,specificity_negative,tn,fp,fn,tp
dummy_prior,train,0.2784151225536121,0.5,0.7197916666666667,0.5,0.0,0.0,0.0,1.0,1382,0,538,0
dummy_prior,test,0.27960353684226324,0.5,0.7208333333333333,0.5,0.0,0.0,0.0,1.0,346,0,134,0
logistic_regression_balanced,train,0.9874604590133919,0.9947546522199926,0.9541666666666667,0.9602160545300975,0.8762541806020067,0.9739776951672863,0.9225352112676056,0.9464544138929089,1308,74,14,524
logistic_regression_balanced,test,0.9799688684094285,0.9912647743939264,0.9520833333333333,0.9530454663100681,0.8827586206896552,0.9552238805970149,0.9175627240143368,0.9508670520231214,329,17,6,128
